{
  "best_params": {
    "max_depth": 15,
    "min_samples_split": 2,
    "n_estimators": 150
  },
<<<<<<< HEAD
  "mse": 0.023998881308021525,
  "mae": 0.12106347522828448,
  "r2": 0.9005786987742294
=======
  "mse": 0.023980639862067804,
  "mae": 0.12103332299501439,
  "r2": 0.9006542684755701
>>>>>>> 07e1a14fa178f97c8d056ca0125df671cb50a76a
}