{
  "best_params": {
    "max_depth": 15,
    "min_samples_split": 2,
    "n_estimators": 150
  },
  "mse": 0.023998881308021525,
  "mae": 0.12106347522828448,
  "r2": 0.9005786987742294
}