{
  "best_params": {
    "max_depth": 15,
    "min_samples_split": 2,
    "n_estimators": 150
  },
  "mse": 0.023980639862067804,
  "mae": 0.12103332299501439,
  "r2": 0.9006542684755701
}